S1	E1	S2	E2	Reference	Contig	IDY	Ambiguous	Best_group
37605	42207	11116	6514	gi_161508266_ref_NC_010079.1_	NODE_1_length_288395_cov_135.21_ID_1	99.98		True
local misassembly
35818	36607	11906	11117	gi_161508266_ref_NC_010079.1_	NODE_1_length_288395_cov_135.21_ID_1	100.0		True
relocation, inconsistency = -5346
35818	36607	17252	16463	gi_161508266_ref_NC_010079.1_	NODE_1_length_288395_cov_135.21_ID_1	100.0		True
local misassembly
1	35817	53654	17831	gi_161508266_ref_NC_010079.1_	NODE_1_length_288395_cov_135.21_ID_1	98.91		True
fake: not a misassembly [linear representation of circular genome]
2864237	2872915	62339	53655	gi_161508266_ref_NC_010079.1_	NODE_1_length_288395_cov_135.21_ID_1	98.94		True
relocation, inconsistency = 1754
2830473	2862482	94343	62340	gi_161508266_ref_NC_010079.1_	NODE_1_length_288395_cov_135.21_ID_1	98.56		True
local misassembly
2774611	2830360	149933	94344	gi_161508266_ref_NC_010079.1_	NODE_1_length_288395_cov_135.21_ID_1	98.9		True
indel: stretch of mismatches
2754851	2774566	169635	149978	gi_161508266_ref_NC_010079.1_	NODE_1_length_288395_cov_135.21_ID_1	99.05		True
local misassembly
2733813	2753848	189705	169670	gi_161508266_ref_NC_010079.1_	NODE_1_length_288395_cov_135.21_ID_1	99.37		True
relocation, inconsistency = -2050
2716795	2733821	208769	191747	gi_161508266_ref_NC_010079.1_	NODE_1_length_288395_cov_135.21_ID_1	98.49		True
local misassembly
2681398	2716774	244438	208942	gi_161508266_ref_NC_010079.1_	NODE_1_length_288395_cov_135.21_ID_1	98.34		True
relocation, inconsistency = 1458
2665175	2679939	259206	244439	gi_161508266_ref_NC_010079.1_	NODE_1_length_288395_cov_135.21_ID_1	99.09		True
local misassembly
2649284	2664838	274800	259249	gi_161508266_ref_NC_010079.1_	NODE_1_length_288395_cov_135.21_ID_1	97.77		True
relocation, inconsistency = 1628
2635320	2647569	287120	274887	gi_161508266_ref_NC_010079.1_	NODE_1_length_288395_cov_135.21_ID_1	98.16		True
local misassembly
2634048	2634294	288395	288149	gi_161508266_ref_NC_010079.1_	NODE_1_length_288395_cov_135.21_ID_1	96.36		True
CONTIG	NODE_1_length_288395_cov_135.21_ID_1	288395	misassembled
925211	954540	56	29384	gi_161508266_ref_NC_010079.1_	NODE_2_length_243912_cov_98.3464_ID_3	99.53		True
local misassembly
954747	1040785	29615	115655	gi_161508266_ref_NC_010079.1_	NODE_2_length_243912_cov_98.3464_ID_3	99.32		True
relocation, inconsistency = 1775
1042574	1098076	115669	171423	gi_161508266_ref_NC_010079.1_	NODE_2_length_243912_cov_98.3464_ID_3	98.9		True
indel: indel (<= 5bp)
1098076	1149563	171424	222803	gi_161508266_ref_NC_010079.1_	NODE_2_length_243912_cov_98.3464_ID_3	99.44		True
local misassembly
1149517	1170237	223019	243847	gi_161508266_ref_NC_010079.1_	NODE_2_length_243912_cov_98.3464_ID_3	98.66		True
CONTIG	NODE_2_length_243912_cov_98.3464_ID_3	243912	misassembled
2479097	2541921	62890	56	gi_161508266_ref_NC_010079.1_	NODE_3_length_242033_cov_115.616_ID_5	98.61		True
local misassembly
2432295	2478225	108938	62922	gi_161508266_ref_NC_010079.1_	NODE_3_length_242033_cov_115.616_ID_5	99.03		True
local misassembly
2389143	2431654	151471	108957	gi_161508266_ref_NC_010079.1_	NODE_3_length_242033_cov_115.616_ID_5	99.5		True
local misassembly
2378440	2389028	162057	151472	gi_161508266_ref_NC_010079.1_	NODE_3_length_242033_cov_115.616_ID_5	99.02		True
local misassembly
2352633	2378409	188087	162324	gi_161508266_ref_NC_010079.1_	NODE_3_length_242033_cov_115.616_ID_5	99.67		True
relocation, inconsistency = -1702
2336379	2347096	206124	195326	gi_161508266_ref_NC_010079.1_	NODE_3_length_242033_cov_115.616_ID_5	95.57		True
local misassembly
2319448	2335210	222272	206508	gi_161508266_ref_NC_010079.1_	NODE_3_length_242033_cov_115.616_ID_5	98.68		True
relocation, inconsistency = 1955
2297733	2317464	242033	222301	gi_161508266_ref_NC_010079.1_	NODE_3_length_242033_cov_115.616_ID_5	99.46		True
CONTIG	NODE_3_length_242033_cov_115.616_ID_5	242033	misassembled
1345212	1392397	47297	56	gi_161508266_ref_NC_010079.1_	NODE_4_length_220242_cov_93.1413_ID_7	99.27		True
relocation, inconsistency = 2277
1245319	1342913	144866	47319	gi_161508266_ref_NC_010079.1_	NODE_4_length_220242_cov_93.1413_ID_7	99.34		True
local misassembly
1170229	1245347	220188	145030	gi_161508266_ref_NC_010079.1_	NODE_4_length_220242_cov_93.1413_ID_7	99.48		True
CONTIG	NODE_4_length_220242_cov_93.1413_ID_7	220242	misassembled
329180	344023	14843	1	gi_161508266_ref_NC_010079.1_	NODE_5_length_186829_cov_128.425_ID_9	98.48		True
relocation, inconsistency = 1357
319231	327777	23435	14889	gi_161508266_ref_NC_010079.1_	NODE_5_length_186829_cov_128.425_ID_9	98.92		True
local misassembly
266871	318663	75337	23458	gi_161508266_ref_NC_010079.1_	NODE_5_length_186829_cov_128.425_ID_9	98.7		True
local misassembly
234630	266396	107563	75797	gi_161508266_ref_NC_010079.1_	NODE_5_length_186829_cov_128.425_ID_9	98.8		True
relocation, inconsistency = -4792
194986	231676	151997	115309	gi_161508266_ref_NC_010079.1_	NODE_5_length_186829_cov_128.425_ID_9	99.32		True
local misassembly
170775	194937	176380	152220	gi_161508266_ref_NC_010079.1_	NODE_5_length_186829_cov_128.425_ID_9	99.41		True
local misassembly
159727	168090	186829	178487	gi_161508266_ref_NC_010079.1_	NODE_5_length_186829_cov_128.425_ID_9	98.96		True
CONTIG	NODE_5_length_186829_cov_128.425_ID_9	186829	misassembled
1599739	1600069	47	377	gi_161508266_ref_NC_010079.1_	NODE_6_length_172675_cov_105.286_ID_11	97.28		True
relocation, inconsistency = 675963
909758	917305	14396	6848	gi_161508266_ref_NC_010079.1_	NODE_6_length_172675_cov_105.286_ID_11	99.48		True
relocation, inconsistency = 13956
879600	895801	30663	14397	gi_161508266_ref_NC_010079.1_	NODE_6_length_172675_cov_105.286_ID_11	98.56		True
local misassembly
877141	879445	33163	30857	gi_161508266_ref_NC_010079.1_	NODE_6_length_172675_cov_105.286_ID_11	98.57		True
local misassembly
826425	876227	83822	34053	gi_161508266_ref_NC_010079.1_	NODE_6_length_172675_cov_105.286_ID_11	98.16		True
local misassembly
811672	826239	98567	84003	gi_161508266_ref_NC_010079.1_	NODE_6_length_172675_cov_105.286_ID_11	99.75		True
local misassembly
801878	811238	108005	98668	gi_161508266_ref_NC_010079.1_	NODE_6_length_172675_cov_105.286_ID_11	99.26		True
local misassembly
737473	801957	172620	108205	gi_161508266_ref_NC_010079.1_	NODE_6_length_172675_cov_105.286_ID_11	99.32		True
CONTIG	NODE_6_length_172675_cov_105.286_ID_11	172675	misassembled
1729048	1760271	31338	48	gi_161508266_ref_NC_010079.1_	NODE_7_length_154027_cov_96.3795_ID_13	99.25		True
local misassembly
1709584	1729080	51036	31539	gi_161508266_ref_NC_010079.1_	NODE_7_length_154027_cov_96.3795_ID_13	99.67		True
local misassembly
1627060	1709553	133919	51417	gi_161508266_ref_NC_010079.1_	NODE_7_length_154027_cov_96.3795_ID_13	99.39		True
relocation, inconsistency = -1781
1608729	1626949	154027	135811	gi_161508266_ref_NC_010079.1_	NODE_7_length_154027_cov_96.3795_ID_13	99.19		True
CONTIG	NODE_7_length_154027_cov_96.3795_ID_13	154027	misassembled
1903834	1912255	8336	1	gi_161508266_ref_NC_010079.1_	NODE_8_length_148115_cov_102.208_ID_15	97.7		True
local misassembly
1893478	1903133	18070	8416	gi_161508266_ref_NC_010079.1_	NODE_8_length_148115_cov_102.208_ID_15	99.46		True
relocation, inconsistency = 1006
1874049	1892471	36495	18071	gi_161508266_ref_NC_010079.1_	NODE_8_length_148115_cov_102.208_ID_15	98.63		True
local misassembly
1873785	1873889	36626	36522	gi_161508266_ref_NC_010079.1_	NODE_8_length_148115_cov_102.208_ID_15	100.0		True
local misassembly
1805051	1873611	105257	36627	gi_161508266_ref_NC_010079.1_	NODE_8_length_148115_cov_102.208_ID_15	99.29		True
relocation, inconsistency = 1977
1760266	1803040	148066	105291	gi_161508266_ref_NC_010079.1_	NODE_8_length_148115_cov_102.208_ID_15	99.65		True
CONTIG	NODE_8_length_148115_cov_102.208_ID_15	148115	misassembled
694272	704284	10068	56	gi_161508266_ref_NC_010079.1_	NODE_9_length_122451_cov_113.914_ID_17	99.49		True
relocation, inconsistency = 13357
671743	680914	19114	10069	gi_161508266_ref_NC_010079.1_	NODE_9_length_122451_cov_113.914_ID_17	97.97		True
local misassembly
664298	671529	26442	19208	gi_161508266_ref_NC_010079.1_	NODE_9_length_122451_cov_113.914_ID_17	99.52		True
local misassembly
663043	664265	27932	26710	gi_161508266_ref_NC_010079.1_	NODE_9_length_122451_cov_113.914_ID_17	97.87		True
relocation, inconsistency = 3879
657591	658141	29505	28955	gi_161508266_ref_NC_010079.1_	NODE_9_length_122451_cov_113.914_ID_17	96.37		True
relocation, inconsistency = -1439
658344	659014	30191	29521	gi_161508266_ref_NC_010079.1_	NODE_9_length_122451_cov_113.914_ID_17	96.42		True
relocation, inconsistency = 3773
616447	654284	68056	30478	gi_161508266_ref_NC_010079.1_	NODE_9_length_122451_cov_113.914_ID_17	98.2		True
local misassembly
562108	616005	122451	68498	gi_161508266_ref_NC_010079.1_	NODE_9_length_122451_cov_113.914_ID_17	99.32		True
CONTIG	NODE_9_length_122451_cov_113.914_ID_17	122451	misassembled
453295	457366	4064	1	gi_161508266_ref_NC_010079.1_	NODE_10_length_104480_cov_122.592_ID_19	96.62		True
relocation, inconsistency = 1116
399760	452178	56503	4065	gi_161508266_ref_NC_010079.1_	NODE_10_length_104480_cov_122.592_ID_19	97.75		True
local misassembly
381385	399724	74922	56688	gi_161508266_ref_NC_010079.1_	NODE_10_length_104480_cov_122.592_ID_19	97.96		True
local misassembly
351850	381134	104460	75174	gi_161508266_ref_NC_010079.1_	NODE_10_length_104480_cov_122.592_ID_19	98.61		True
CONTIG	NODE_10_length_104480_cov_122.592_ID_19	104480	misassembled
2020335	2083335	3302	66187	gi_161508266_ref_NC_010079.1_	NODE_11_length_104171_cov_107.755_ID_21	99.39		True
local misassembly
2083651	2111781	66188	94292	gi_161508266_ref_NC_010079.1_	NODE_11_length_104171_cov_107.755_ID_21	97.25		True
local misassembly
2112323	2112649	94451	94777	gi_161508266_ref_NC_010079.1_	NODE_11_length_104171_cov_107.755_ID_21	99.08		True
local misassembly
2114320	2117573	96133	99386	gi_161508266_ref_NC_010079.1_	NODE_11_length_104171_cov_107.755_ID_21	95.95		True
local misassembly
2118284	2120793	100097	102606	gi_161508266_ref_NC_010079.1_	NODE_11_length_104171_cov_107.755_ID_21	96.61		True
CONTIG	NODE_11_length_104171_cov_107.755_ID_21	104171	correct
146224	159193	12968	1	gi_161508266_ref_NC_010079.1_	NODE_12_length_92059_cov_128.164_ID_23	99.32		True
local misassembly
110508	145766	48258	12969	gi_161508266_ref_NC_010079.1_	NODE_12_length_92059_cov_128.164_ID_23	98.19		True
local misassembly
103958	111329	55625	48259	gi_161508266_ref_NC_010079.1_	NODE_12_length_92059_cov_128.164_ID_23	95.85		True
relocation, inconsistency = 4755
91620	99202	63207	55626	gi_161508266_ref_NC_010079.1_	NODE_12_length_92059_cov_128.164_ID_23	99.02		True
local misassembly
88806	91591	66200	63414	gi_161508266_ref_NC_010079.1_	NODE_12_length_92059_cov_128.164_ID_23	99.18		True
relocation, inconsistency = 4129
67739	68780	82097	83129	gi_161508266_ref_NC_010079.1_	NODE_12_length_92059_cov_128.164_ID_23	95.97		True
relocation, inconsistency = 15079
45822	50438	89967	85351	gi_161508266_ref_NC_010079.1_	NODE_12_length_92059_cov_128.164_ID_23	96.6		True
indel: indel (<= 5bp)
45604	45758	90184	90030	gi_161508266_ref_NC_010079.1_	NODE_12_length_92059_cov_128.164_ID_23	96.77		True
CONTIG	NODE_12_length_92059_cov_128.164_ID_23	92059	misassembled
1469995	1476010	1	6016	gi_161508266_ref_NC_010079.1_	NODE_13_length_88660_cov_98.0973_ID_25	98.82		True
local misassembly
1475980	1556267	6364	86653	gi_161508266_ref_NC_010079.1_	NODE_13_length_88660_cov_98.0973_ID_25	98.29		True
local misassembly
1557897	1558188	88369	88660	gi_161508266_ref_NC_010079.1_	NODE_13_length_88660_cov_98.0973_ID_25	97.95		True
CONTIG	NODE_13_length_88660_cov_98.0973_ID_25	88660	correct
2625106	2629379	4278	5	gi_161508266_ref_NC_010079.1_	NODE_14_length_87767_cov_121.279_ID_27	98.68		True
local misassembly
2613670	2624337	14961	4279	gi_161508266_ref_NC_010079.1_	NODE_14_length_87767_cov_121.279_ID_27	98.11		True
relocation, inconsistency = -1017
2602004	2613858	27647	15790	gi_161508266_ref_NC_010079.1_	NODE_14_length_87767_cov_121.279_ID_27	96.31		True
local misassembly
2591257	2601199	38456	28511	gi_161508266_ref_NC_010079.1_	NODE_14_length_87767_cov_121.279_ID_27	98.53		True
local misassembly
2580818	2591231	49033	38620	gi_161508266_ref_NC_010079.1_	NODE_14_length_87767_cov_121.279_ID_27	98.54		True
local misassembly
2541914	2580484	87715	49068	gi_161508266_ref_NC_010079.1_	NODE_14_length_87767_cov_121.279_ID_27	98.87		True
CONTIG	NODE_14_length_87767_cov_121.279_ID_27	87767	misassembled
457488	460676	1	3189	gi_161508266_ref_NC_010079.1_	NODE_15_length_55012_cov_117.066_ID_29	97.43		True
local misassembly
461675	461944	4173	4442	gi_161508266_ref_NC_010079.1_	NODE_15_length_55012_cov_117.066_ID_29	95.19		True
local misassembly
462744	462815	5246	5317	gi_161508266_ref_NC_010079.1_	NODE_15_length_55012_cov_117.066_ID_29	98.61		True
indel: indel (<= 5bp)
462816	463358	5320	5862	gi_161508266_ref_NC_010079.1_	NODE_15_length_55012_cov_117.066_ID_29	97.05		True
indel: indel (<= 5bp)
463360	464544	5863	7047	gi_161508266_ref_NC_010079.1_	NODE_15_length_55012_cov_117.066_ID_29	96.29		True
local misassembly
464438	464558	7771	7891	gi_161508266_ref_NC_010079.1_	NODE_15_length_55012_cov_117.066_ID_29	95.87		True
relocation, inconsistency = -1652
464433	465100	9418	10085	gi_161508266_ref_NC_010079.1_	NODE_15_length_55012_cov_117.066_ID_29	97.31		True
local misassembly
465244	465606	10214	10576	gi_161508266_ref_NC_010079.1_	NODE_15_length_55012_cov_117.066_ID_29	95.87		True
indel: indel (<= 5bp)
465608	465888	10577	10857	gi_161508266_ref_NC_010079.1_	NODE_15_length_55012_cov_117.066_ID_29	100.0		True
relocation, inconsistency = 2607
469552	471455	11914	13813	gi_161508266_ref_NC_010079.1_	NODE_15_length_55012_cov_117.066_ID_29	95.17		True
local misassembly
472196	512732	14551	55012	gi_161508266_ref_NC_010079.1_	NODE_15_length_55012_cov_117.066_ID_29	98.68		True
CONTIG	NODE_15_length_55012_cov_117.066_ID_29	55012	misassembled
1939166	1940125	1	958	gi_161508266_ref_NC_010079.1_	NODE_16_length_54011_cov_90.0583_ID_31	97.09		True
local misassembly
1940993	1945559	959	5525	gi_161508266_ref_NC_010079.1_	NODE_16_length_54011_cov_90.0583_ID_31	99.06		True
local misassembly
1945932	1946682	5913	6662	gi_161508266_ref_NC_010079.1_	NODE_16_length_54011_cov_90.0583_ID_31	98.27		True
relocation, inconsistency = 7532
1956069	1960552	8517	13014	gi_161508266_ref_NC_010079.1_	NODE_16_length_54011_cov_90.0583_ID_31	97.58		True
relocation, inconsistency = -7285
1961324	1979136	21071	38818	gi_161508266_ref_NC_010079.1_	NODE_16_length_54011_cov_90.0583_ID_31	98.45		True
local misassembly
1979056	1987343	38894	47174	gi_161508266_ref_NC_010079.1_	NODE_16_length_54011_cov_90.0583_ID_31	99.02		True
local misassembly
1987576	1994266	47175	53865	gi_161508266_ref_NC_010079.1_	NODE_16_length_54011_cov_90.0583_ID_31	99.57		True
CONTIG	NODE_16_length_54011_cov_90.0583_ID_31	54011	misassembled
2211115	2254713	43602	1	gi_161508266_ref_NC_010079.1_	NODE_17_length_53282_cov_117.632_ID_33	99.69		True
local misassembly
2201590	2211214	53227	43603	gi_161508266_ref_NC_010079.1_	NODE_17_length_53282_cov_117.632_ID_33	99.72		True
CONTIG	NODE_17_length_53282_cov_117.632_ID_33	53282	correct
517883	518138	102	357	gi_161508266_ref_NC_010079.1_	NODE_18_length_48674_cov_107.897_ID_35	98.05		True
indel: indel (<= 5bp)
518140	518313	358	531	gi_161508266_ref_NC_010079.1_	NODE_18_length_48674_cov_107.897_ID_35	95.8		True
relocation, inconsistency = 1644040
2162354	2176482	14661	532	gi_161508266_ref_NC_010079.1_	NODE_18_length_48674_cov_107.897_ID_35	99.32		True
local misassembly
2148921	2162325	28309	14903	gi_161508266_ref_NC_010079.1_	NODE_18_length_48674_cov_107.897_ID_35	99.37		True
local misassembly
2140443	2147679	36795	29550	gi_161508266_ref_NC_010079.1_	NODE_18_length_48674_cov_107.897_ID_35	98.77		True
relocation, inconsistency = 3124
2135422	2137233	38699	36881	gi_161508266_ref_NC_010079.1_	NODE_18_length_48674_cov_107.897_ID_35	98.35		True
relocation, inconsistency = 1907
2126044	2133335	46172	38879	gi_161508266_ref_NC_010079.1_	NODE_18_length_48674_cov_107.897_ID_35	98.72		True
CONTIG	NODE_18_length_48674_cov_107.897_ID_35	48674	misassembled
1593157	1593342	906	721	gi_161508266_ref_NC_010079.1_	NODE_19_length_47278_cov_168.494_ID_37	97.31		True
unknown
1592071	1592573	1644	1142	gi_161508266_ref_NC_010079.1_	NODE_19_length_47278_cov_168.494_ID_37	95.63		True
unknown
2003429	2020344	47278	30364	gi_161508266_ref_NC_010079.1_	NODE_19_length_47278_cov_168.494_ID_37	99.3		True
unknown
CONTIG	NODE_19_length_47278_cov_168.494_ID_37	47278	mis_unaligned
1457740	1470011	12328	57	gi_161508266_ref_NC_010079.1_	NODE_20_length_41586_cov_91.2894_ID_39	99.23		True
local misassembly
1443765	1456996	25562	12329	gi_161508266_ref_NC_010079.1_	NODE_20_length_41586_cov_91.2894_ID_39	99.44		True
local misassembly
1430212	1442791	38175	25596	gi_161508266_ref_NC_010079.1_	NODE_20_length_41586_cov_91.2894_ID_39	99.46		True
local misassembly
1427003	1430180	41586	38409	gi_161508266_ref_NC_010079.1_	NODE_20_length_41586_cov_91.2894_ID_39	97.7		True
CONTIG	NODE_20_length_41586_cov_91.2894_ID_39	41586	correct
518113	556152	1	38060	gi_161508266_ref_NC_010079.1_	NODE_21_length_38060_cov_122.553_ID_41	99.56		True
CONTIG	NODE_21_length_38060_cov_122.553_ID_41	38060	correct
1392390	1413585	55	21249	gi_161508266_ref_NC_010079.1_	NODE_22_length_35116_cov_88.0862_ID_43	99.53		True
local misassembly
1414052	1426873	22294	35116	gi_161508266_ref_NC_010079.1_	NODE_22_length_35116_cov_88.0862_ID_43	99.44		True
CONTIG	NODE_22_length_35116_cov_88.0862_ID_43	35116	correct
2255247	2265982	1	10665	gi_161508266_ref_NC_010079.1_	NODE_23_length_34571_cov_118.745_ID_45	98.81		True
relocation, inconsistency = 1413
2268541	2290692	11811	33972	gi_161508266_ref_NC_010079.1_	NODE_23_length_34571_cov_118.745_ID_45	98.24		True
relocation, inconsistency = 1521
2292214	2292812	33973	34571	gi_161508266_ref_NC_010079.1_	NODE_23_length_34571_cov_118.745_ID_45	100.0		True
CONTIG	NODE_23_length_34571_cov_118.745_ID_45	34571	misassembled
704277	704893	67	683	gi_161508266_ref_NC_010079.1_	NODE_24_length_33191_cov_104.617_ID_47	99.26		True
local misassembly
705027	737480	684	33136	gi_161508266_ref_NC_010079.1_	NODE_24_length_33191_cov_104.617_ID_47	99.6		True
CONTIG	NODE_24_length_33191_cov_104.617_ID_47	33191	correct
CONTIG	NODE_25_length_27334_cov_207.966_ID_49	27334	unaligned
2181423	2201597	20212	56	gi_161508266_ref_NC_010079.1_	NODE_26_length_20212_cov_110.713_ID_51	99.57		True
CONTIG	NODE_26_length_20212_cov_110.713_ID_51	20212	correct
1912385	1917797	1	5414	gi_161508266_ref_NC_010079.1_	NODE_27_length_19638_cov_101.93_ID_53	99.19		True
local misassembly
1918541	1918707	5415	5581	gi_161508266_ref_NC_010079.1_	NODE_27_length_19638_cov_101.93_ID_53	98.22		True
local misassembly
1918733	1927378	5732	14377	gi_161508266_ref_NC_010079.1_	NODE_27_length_19638_cov_101.93_ID_53	97.97		True
relocation, inconsistency = 1112
1929030	1929381	14917	15268	gi_161508266_ref_NC_010079.1_	NODE_27_length_19638_cov_101.93_ID_53	96.31		True
local misassembly
1929800	1930326	15495	16021	gi_161508266_ref_NC_010079.1_	NODE_27_length_19638_cov_101.93_ID_53	97.15		True
relocation, inconsistency = 5130
1936033	1936291	16598	16856	gi_161508266_ref_NC_010079.1_	NODE_27_length_19638_cov_101.93_ID_53	96.14		True
local misassembly
1936931	1939044	17525	19638	gi_161508266_ref_NC_010079.1_	NODE_27_length_19638_cov_101.93_ID_53	97.26		True
CONTIG	NODE_27_length_19638_cov_101.93_ID_53	19638	misassembled
908908	909372	2185	2649	gi_161508266_ref_NC_010079.1_	NODE_28_length_11952_cov_103.741_ID_55	95.27		True
relocation, inconsistency = 6771
917216	920548	3722	7057	gi_161508266_ref_NC_010079.1_	NODE_28_length_11952_cov_103.741_ID_55	98.2		True
local misassembly
920460	925218	7140	11898	gi_161508266_ref_NC_010079.1_	NODE_28_length_11952_cov_103.741_ID_55	99.5		True
CONTIG	NODE_28_length_11952_cov_103.741_ID_55	11952	misassembled
CONTIG	NODE_29_length_6647_cov_232.207_ID_57	6647	unaligned
2111661	2111779	1987	1869	gi_161508266_ref_NC_010079.1_	NODE_30_length_4803_cov_123.888_ID_59	96.64		True
CONTIG	NODE_30_length_4803_cov_123.888_ID_59	4803	correct_unaligned
CONTIG	NODE_31_length_4033_cov_117.002_ID_61	4033	unaligned
1605969	1607738	2488	718	gi_161508266_ref_NC_010079.1_	NODE_32_length_3852_cov_80.2012_ID_63	95.16		True
relocation, inconsistency = 46110
1559632	1559858	2715	2489	gi_161508266_ref_NC_010079.1_	NODE_32_length_3852_cov_80.2012_ID_63	97.66		True
CONTIG	NODE_32_length_3852_cov_80.2012_ID_63	3852	misassembled
CONTIG	NODE_33_length_3452_cov_116.829_ID_65	3452	unaligned
344172	347060	1	2882	gi_161508266_ref_NC_010079.1_	NODE_34_length_2982_cov_84.4178_ID_67	95.4		True
CONTIG	NODE_34_length_2982_cov_84.4178_ID_67	2982	correct
2630502	2630729	1	228	gi_161508266_ref_NC_010079.1_	NODE_35_length_2418_cov_119.311_ID_69	96.05		True
unknown
2631892	2632565	1424	2097	gi_161508266_ref_NC_010079.1_	NODE_35_length_2418_cov_119.311_ID_69	97.63		True
unknown
CONTIG	NODE_35_length_2418_cov_119.311_ID_69	2418	mis_unaligned
2113839	2113995	2	158	gi_161508266_ref_NC_010079.1_	NODE_36_length_2329_cov_138.149_ID_71	99.36		True
unknown
2114317	2114566	1297	1546	gi_161508266_ref_NC_010079.1_	NODE_36_length_2329_cov_138.149_ID_71	96.0		True
unknown
CONTIG	NODE_36_length_2329_cov_138.149_ID_71	2329	mis_unaligned
2293900	2296138	1	2239	gi_161508266_ref_NC_010079.1_	NODE_37_length_2239_cov_733.161_ID_73	99.91		True
CONTIG	NODE_37_length_2239_cov_733.161_ID_73	2239	correct
1995821	1997724	56	1971	gi_161508266_ref_NC_010079.1_	NODE_38_length_1971_cov_127.751_ID_75	99.32		True
CONTIG	NODE_38_length_1971_cov_127.751_ID_75	1971	correct
2113839	2114376	2	539	gi_161508266_ref_NC_010079.1_	NODE_39_length_1935_cov_128.363_ID_77	95.17		True
CONTIG	NODE_39_length_1935_cov_128.363_ID_77	1935	correct_unaligned
557002	558705	1	1704	gi_161508266_ref_NC_010079.1_	NODE_40_length_1704_cov_747.752_ID_79	100.0		True
CONTIG	NODE_40_length_1704_cov_747.752_ID_79	1704	correct
2290704	2292205	1	1501	gi_161508266_ref_NC_010079.1_	NODE_41_length_1501_cov_731.652_ID_81	99.13		True
CONTIG	NODE_41_length_1501_cov_731.652_ID_81	1501	correct
2176500	2177643	1	1144	gi_161508266_ref_NC_010079.1_	NODE_42_length_1144_cov_723.155_ID_83	100.0		True
CONTIG	NODE_42_length_1144_cov_723.155_ID_83	1144	correct
CONTIG	NODE_43_length_1061_cov_103.402_ID_85	1061	unaligned
2122481	2122654	1	174	gi_161508266_ref_NC_010079.1_	NODE_44_length_1031_cov_103.211_ID_87	96.55		True
CONTIG	NODE_44_length_1031_cov_103.211_ID_87	1031	correct_unaligned
2122481	2122565	1	85	gi_161508266_ref_NC_010079.1_	NODE_45_length_1028_cov_123.789_ID_89	96.47		True
CONTIG	NODE_45_length_1028_cov_123.789_ID_89	1028	correct_unaligned
CONTIG	NODE_46_length_910_cov_2.76023_ID_91	910	unaligned
2633322	2633825	504	1	gi_161508266_ref_NC_010079.1_	NODE_47_length_867_cov_136.863_ID_93	95.83		True
local misassembly
2633031	2633251	867	647	gi_161508266_ref_NC_010079.1_	NODE_47_length_867_cov_136.863_ID_93	98.64		True
CONTIG	NODE_47_length_867_cov_136.863_ID_93	867	correct
2633031	2633176	783	638	gi_161508266_ref_NC_010079.1_	NODE_48_length_783_cov_147.129_ID_95	97.26		True
CONTIG	NODE_48_length_783_cov_147.129_ID_95	783	correct_unaligned
CONTIG	NODE_49_length_761_cov_2.36261_ID_97	761	unaligned
CONTIG	NODE_50_length_748_cov_245.551_ID_99	748	unaligned
1997689	1998337	646	1	gi_161508266_ref_NC_010079.1_	NODE_51_length_646_cov_174.949_ID_101	99.23		True
CONTIG	NODE_51_length_646_cov_174.949_ID_101	646	correct
CONTIG	NODE_52_length_583_cov_1.64015_ID_103	583	unaligned
CONTIG	NODE_53_length_579_cov_2.86069_ID_105	579	unaligned
CONTIG	NODE_54_length_568_cov_4.04483_ID_107	568	unaligned
1997689	1998241	550	1	gi_161508266_ref_NC_010079.1_	NODE_55_length_550_cov_168.238_ID_109	99.1		True
CONTIG	NODE_55_length_550_cov_168.238_ID_109	550	correct
CONTIG	NODE_56_length_517_cov_2.19697_ID_111	517	unaligned
CONTIG	NODE_57_length_511_cov_2.14693_ID_113	511	unaligned
CONTIG	NODE_58_length_503_cov_2.02455_ID_115	503	unaligned
CONTIG	NODE_59_length_500_cov_1.74831_ID_117	500	unaligned
